City_ID,City,Country,Date,Lat,Lng,Max Temp,Humidity,Cloudiness,Wind Speed
0,Cape Town,ZA,2022-05-24 23:05:01,-33.9258,18.4232,64.38,90,99,3.0
1,Port Alfred,ZA,2022-05-24 23:07:52,-33.5906,26.891,60.19,92,85,1.01
2,Lebu,CL,2022-05-24 23:07:52,-37.6167,-73.65,49.51,86,51,2.53
3,Matara,LK,2022-05-24 23:07:52,5.9485,80.5353,76.17,91,100,6.96
4,Quatre Cocos,MU,2022-05-24 23:07:53,-20.2078,57.7625,71.1,81,27,9.1
5,Hithadhoo,MV,2022-05-24 23:07:53,-0.6,73.0833,82.85,69,92,2.35
6,San Cristobal,VE,2022-05-24 23:07:54,7.7669,-72.225,71.46,83,99,3.65
7,Maku,IR,2022-05-24 23:07:54,39.2911,44.4521,47.12,79,38,3.74
8,Port Elizabeth,ZA,2022-05-24 23:07:54,-33.918,25.5701,64.09,84,87,11.7
9,Ushuaia,AR,2022-05-24 23:05:31,-54.8,-68.3,30.56,91,93,4.54
10,Jamestown,US,2022-05-24 23:03:45,42.097,-79.2353,61.52,81,100,4.27
11,Codrington,AU,2022-05-24 23:07:55,-38.2667,141.9667,55.6,69,100,12.03
12,Tambacounda,SN,2022-05-24 23:07:55,13.7539,-13.7586,93.22,22,10,4.41
13,Bredasdorp,ZA,2022-05-24 23:07:55,-34.5322,20.0403,60.3,77,100,4.65
14,Kuytun,RU,2022-05-24 23:07:56,54.3419,101.5036,55.18,56,0,3.85
15,Mandawar,IN,2022-05-24 23:07:56,29.5,78.1333,75.47,53,7,4.68
16,Mahuva,IN,2022-05-24 23:07:56,21.0914,71.7622,82.69,71,0,12.46
17,Kaspiysk,RU,2022-05-24 23:07:56,42.8816,47.6392,55.58,87,100,4.47
18,Hermanus,ZA,2022-05-24 23:07:57,-34.4187,19.2345,61.92,83,99,8.66
19,Ponta Do Sol,PT,2022-05-24 23:07:57,32.6667,-17.1,66.83,65,70,7.9
20,Chuy,UY,2022-05-24 23:07:57,-33.6971,-53.4616,60.15,84,100,4.43
21,Bengkulu,ID,2022-05-24 23:07:58,-3.8004,102.2655,75.22,92,100,5.97
22,Bria,CF,2022-05-24 23:07:58,6.5423,21.9863,67.71,98,100,4.21
23,Rincon,US,2022-05-24 23:07:58,32.296,-81.2354,81.91,74,100,1.01
24,Georgetown,MY,2022-05-24 23:06:15,5.4112,100.3354,82.33,83,20,0.0
25,Tabatinga,BR,2022-05-24 23:07:59,-4.2525,-69.9381,74.03,96,60,2.62
26,Soyo,AO,2022-05-24 23:04:18,-6.1349,12.3689,73.62,85,30,7.02
27,Lakewood,US,2022-05-24 23:07:59,39.7047,-105.0814,57.94,53,100,8.01
28,Plettenberg Bay,ZA,2022-05-24 23:07:59,-34.0527,23.3716,61.3,86,99,7.58
29,Porto Belo,BR,2022-05-24 23:05:13,-27.1578,-48.5531,65.16,91,0,3.89
30,Geraldton,AU,2022-05-24 23:08:00,-28.7667,114.6,55.81,100,100,3.44
31,Holme,DK,2022-05-24 23:08:00,56.1138,10.1725,53.17,88,43,16.53
32,Calama,CL,2022-05-24 23:03:14,-22.4667,-68.9333,50.77,20,0,3.94
33,Thunder Bay,CA,2022-05-24 23:05:09,48.4001,-89.3168,59.54,59,93,5.17
34,Ornskoldsvik,SE,2022-05-24 23:08:01,63.2909,18.7153,41.95,93,98,3.44
35,Coquimbo,CL,2022-05-24 23:04:14,-29.9533,-71.3436,61.12,71,100,6.15
36,Sinnamary,GF,2022-05-24 23:08:01,5.3833,-52.95,78.46,87,48,9.26
37,Punta Arenas,CL,2022-05-24 23:04:14,-53.15,-70.9167,35.11,74,50,17.34
38,Saldanha,ZA,2022-05-24 23:08:02,-33.0117,17.9442,61.92,92,92,2.28
39,Kortkeros,RU,2022-05-24 23:08:02,61.8106,51.5806,37.4,95,94,6.26
40,Mar Del Plata,AR,2022-05-24 23:08:03,-38.0023,-57.5575,47.95,91,29,1.99
41,Torbay,CA,2022-05-24 23:03:18,47.6666,-52.7314,38.28,83,22,18.01
42,Lapa,BR,2022-05-24 23:08:03,-25.7697,-49.7158,56.37,72,38,4.05
43,Peniche,PT,2022-05-24 23:08:03,39.3558,-9.3811,60.12,81,100,22.79
44,Saint-Philippe,RE,2022-05-24 23:08:04,-21.3585,55.7679,71.19,81,40,11.23
45,Biloxi,US,2022-05-24 23:08:04,30.396,-88.8853,84.2,78,75,12.66
46,Hualmay,PE,2022-05-24 23:08:04,-11.0964,-77.6139,65.41,78,17,10.18
47,Novodolinskiy,KZ,2022-05-24 23:08:05,49.705,72.7047,39.78,41,23,10.09
48,Kaka,TM,2022-05-24 23:09:06,37.3482,59.6143,73.74,39,3,7.58
49,Pemba,MZ,2022-05-24 23:09:06,-12.974,40.5178,76.57,80,1,10.49
50,Carnarvon,AU,2022-05-24 23:09:06,-24.8667,113.6333,66.47,68,33,9.01
51,Tamandare,BR,2022-05-24 23:09:07,-8.7597,-35.1047,76.03,90,100,8.81
52,Iqaluit,CA,2022-05-24 23:09:07,63.7506,-68.5145,24.53,92,100,23.02
53,Kasama,ZM,2022-05-24 23:09:08,-10.2129,31.1808,63.45,69,95,2.28
54,Seabra,BR,2022-05-24 23:09:08,-12.4186,-41.7703,67.57,63,59,6.4
55,Kangaatsiaq,GL,2022-05-24 23:09:08,68.3065,-53.4641,23.43,57,38,6.89
56,The Valley,AI,2022-05-24 23:09:09,18.217,-63.0578,80.82,70,5,13.0
57,Kondinskoye,RU,2022-05-24 23:09:09,59.6481,67.41,52.45,97,98,6.64
58,San Esteban,HN,2022-05-24 23:09:09,15.2,-85.75,79.36,71,74,5.14
59,Vigia,BR,2022-05-24 23:04:25,-0.8583,-48.1417,75.85,93,71,8.39
60,Sorland,NO,2022-05-24 23:09:10,67.667,12.6934,55.26,84,100,9.62
61,Knysna,ZA,2022-05-24 23:09:10,-34.0363,23.0471,61.72,88,100,5.66
62,Riachao Das Neves,BR,2022-05-24 23:09:10,-11.7461,-44.91,77.61,38,58,2.44
63,Husavik,IS,2022-05-24 23:09:11,66.0449,-17.3389,42.6,89,99,7.72
64,Victoria,HK,2022-05-24 23:08:56,22.2855,114.1577,77.97,94,100,11.01
65,Odesskoye,RU,2022-05-24 23:09:11,54.2111,72.9651,62.58,40,1,5.59
66,Busselton,AU,2022-05-24 23:09:11,-33.65,115.3333,59.54,77,84,5.23
67,Shelburne,CA,2022-05-24 23:09:12,44.0787,-80.2041,61.3,71,91,6.13
68,Washington,US,2022-05-24 23:09:12,47.5001,-120.5015,67.89,33,99,2.59
69,Shahrud,IR,2022-05-24 23:09:13,36.4182,54.9763,60.78,44,0,7.58
70,Marienburg,PL,2022-05-24 23:09:13,54.0359,19.0266,57.88,98,100,7.25
71,Kisangani,CD,2022-05-24 23:09:13,0.5167,25.2,68.05,100,100,0.63
72,Foumban,CM,2022-05-24 23:09:14,5.7291,10.9001,63.28,97,99,3.58
73,Hofn,IS,2022-05-24 23:09:14,64.2539,-15.2082,45.61,84,100,4.38
74,Weligama,LK,2022-05-24 23:09:15,5.9667,80.4167,76.3,90,100,6.38
75,Bocaiuva,BR,2022-05-24 23:09:15,-17.1078,-43.815,63.55,57,11,7.2
76,Veshenskaya,RU,2022-05-24 23:09:16,49.6303,41.7334,51.1,64,85,8.52
77,Mahebourg,MU,2022-05-24 23:09:16,-20.4081,57.7,71.26,81,18,10.27
78,Bandarbeyla,SO,2022-05-24 23:09:16,9.4942,50.8122,81.09,78,24,22.79
79,Qaanaaq,GL,2022-05-24 23:09:17,77.484,-69.3632,26.76,84,60,0.56
80,Beyneu,KZ,2022-05-24 23:09:17,45.3167,55.2,59.11,72,64,16.8
81,Ambilobe,MG,2022-05-24 23:09:17,-13.2,49.05,67.39,92,10,3.67
82,Kurchum,KZ,2022-05-24 23:09:17,48.5722,83.6542,64.83,63,66,2.17
83,Sistranda,NO,2022-05-24 23:09:18,63.7256,8.834,57.16,78,100,6.17
84,Cidreira,BR,2022-05-24 23:09:18,-30.1811,-50.2056,63.95,84,9,6.69
85,Tasiilaq,GL,2022-05-24 23:09:18,65.6145,-37.6368,32.43,95,100,2.33
86,Sanghar,PK,2022-05-24 23:06:14,26.0466,68.9481,83.93,69,0,16.73
87,Stutterheim,ZA,2022-05-24 23:09:19,-32.5708,27.424,51.03,87,80,2.28
88,Uniontown,US,2022-05-24 23:05:38,39.9001,-79.7164,68.72,49,75,1.99
89,Mushie,CD,2022-05-24 23:09:19,-3.0167,16.9,72.25,96,93,0.56
90,Marrakesh,MA,2022-05-24 23:05:22,31.6315,-8.0083,66.27,63,0,8.05
91,Slavsk,RU,2022-05-24 23:10:20,55.0425,21.677,55.2,85,100,6.2
92,Dwarka,IN,2022-05-24 23:10:20,22.2394,68.9678,82.74,76,24,16.69
93,Lagoa,PT,2022-05-24 23:10:20,39.05,-27.9833,61.14,83,2,13.11
94,Korla,CN,2022-05-24 23:10:21,41.7597,86.1469,80.26,17,100,12.12
95,Margate,GB,2022-05-24 23:10:21,51.3813,1.3862,51.31,84,7,1.99
96,Sfantu Gheorghe,RO,2022-05-24 23:09:53,45.8667,25.7833,53.65,91,27,3.2
97,Asfi,MA,2022-05-24 23:10:22,32.2994,-9.2372,63.52,73,5,17.36
98,Riyadh,SA,2022-05-24 23:10:22,24.6877,46.7219,79.97,18,0,8.03
99,Caravelas,BR,2022-05-24 23:10:22,-17.7125,-39.2481,70.83,84,41,5.95
100,Presidencia Roque Saenz Pena,AR,2022-05-24 23:10:23,-26.7852,-60.4388,76.33,56,59,12.12
101,Ilulissat,GL,2022-05-24 23:10:23,69.2167,-51.1,17.96,75,92,9.15
102,Dulce Nombre De Culmi,HN,2022-05-24 23:10:24,15.1,-85.5333,75.69,86,67,2.77
103,Goderich,CA,2022-05-24 23:10:24,43.7501,-81.7165,53.91,76,80,14.41
104,Harper,LR,2022-05-24 23:10:24,4.375,-7.7169,73.13,95,100,12.15
105,Botwood,CA,2022-05-24 23:05:30,49.1499,-55.3482,47.89,63,2,4.07
106,Pandamatenga,BW,2022-05-24 23:10:25,-18.5278,25.627,55.11,47,0,4.94
107,Yar-Sale,RU,2022-05-24 23:10:22,66.8333,70.8333,34.39,88,13,7.07
108,Francavilla Al Mare,IT,2022-05-24 23:10:25,42.4206,14.287,73.89,92,37,1.14
109,Honningsvag,NO,2022-05-24 23:10:26,70.9821,25.9704,51.55,54,100,11.5
110,Rzhaksa,RU,2022-05-24 23:10:26,52.1338,42.0264,40.17,93,89,5.82
111,Larsnes,NO,2022-05-24 23:10:26,62.2028,5.5773,53.01,90,100,3.18
112,Constantine,DZ,2022-05-24 23:10:27,36.365,6.6147,74.61,46,40,3.44
113,Dikson,RU,2022-05-24 23:10:27,73.5069,80.5464,28.08,77,100,5.86
114,Brae,GB,2022-05-24 23:10:27,60.3964,-1.353,46.51,84,63,7.38
115,Concordia,AR,2022-05-24 23:10:27,-31.393,-58.0209,68.79,80,89,1.99
116,Antofagasta,CL,2022-05-24 23:09:08,-23.65,-70.4,59.2,88,20,4.83
117,Yenagoa,NG,2022-05-24 23:10:28,4.9247,6.2642,74.41,96,100,5.41
118,Chateauroux,FR,2022-05-24 23:10:28,46.8167,1.7,50.0,93,32,9.22
119,Boblingen,DE,2022-05-24 23:10:28,48.6833,9.0167,56.3,67,20,2.3
120,Great Yarmouth,GB,2022-05-24 23:10:29,52.6083,1.7305,51.03,88,16,10.27
121,Oriximina,BR,2022-05-24 23:10:29,-1.7656,-55.8661,76.53,86,27,3.29
122,Puchov,SK,2022-05-24 23:10:29,49.1249,18.326,60.35,92,99,1.99
123,Humaita,BR,2022-05-24 23:10:30,-7.5061,-63.0208,78.44,68,71,0.74
124,Scarborough,GB,2022-05-24 23:08:41,54.2797,-0.4044,49.15,84,21,3.0
125,Matagami,CA,2022-05-24 23:10:30,49.7502,-77.6328,63.23,33,99,10.22
126,Krasnyy Yar,RU,2022-05-24 23:10:30,46.5331,48.3456,49.93,52,8,4.9
127,Naliya,IN,2022-05-24 23:10:31,23.2667,68.8333,81.99,78,6,14.52
128,Xapuri,BR,2022-05-24 23:10:31,-10.6517,-68.5044,74.91,88,92,1.66
129,Vossevangen,NO,2022-05-24 23:10:31,60.623,6.4229,53.55,97,100,5.73
130,Upernavik,GL,2022-05-24 23:08:20,72.7868,-56.1549,21.65,72,100,13.27
131,Bilma,NE,2022-05-24 23:10:32,18.6853,12.9164,87.03,10,2,4.5
132,Praia Da Vitoria,PT,2022-05-24 23:10:36,38.7333,-27.0667,62.76,84,20,7.74
133,Konevo,RU,2022-05-24 23:10:36,62.1215,39.3192,32.04,95,57,4.9
134,Bathsheba,BB,2022-05-24 23:10:37,13.2167,-59.5167,79.16,77,100,13.04
135,Arraial Do Cabo,BR,2022-05-24 23:11:37,-22.9661,-42.0278,73.04,74,0,20.67
136,Salinopolis,BR,2022-05-24 23:11:37,-0.6136,-47.3561,78.04,85,71,11.77
137,Mwinilunga,ZM,2022-05-24 23:11:38,-11.7358,24.4293,52.81,60,21,3.87
138,Miechow,PL,2022-05-24 23:11:38,50.3565,20.0279,61.05,93,100,3.6
139,Tema,GH,2022-05-24 23:11:39,5.667,-0.0166,78.19,83,100,5.97
140,Maniwaki,CA,2022-05-24 23:09:19,46.3834,-75.966,56.98,67,99,2.59
141,Derzhavinsk,KZ,2022-05-24 23:11:39,51.1,66.3167,64.06,35,100,10.31
142,East London,ZA,2022-05-24 23:08:13,-33.0153,27.9116,63.12,77,94,7.05
143,At-Bashi,KG,2022-05-24 23:11:39,41.1702,75.8106,49.46,66,13,4.68
144,Bardiyah,LY,2022-05-24 23:11:40,31.7561,25.0865,68.23,60,0,4.25
145,Henties Bay,NA,2022-05-24 23:11:40,-22.116,14.2845,60.01,67,0,2.08
146,Svetlyy,RU,2022-05-24 23:11:40,54.675,20.1347,57.96,95,100,9.28
147,Axim,GH,2022-05-24 23:11:41,4.8699,-2.2405,77.0,87,100,6.38
148,Puerto Leguizamo,CO,2022-05-24 23:11:41,-0.1934,-74.7819,73.67,97,79,2.77
149,Staryy Nadym,RU,2022-05-24 23:11:42,65.6118,72.6842,44.44,78,8,6.82
150,Cockburn Town,TC,2022-05-24 23:10:10,21.4612,-71.1419,79.43,72,52,20.07
151,Cayenne,GF,2022-05-24 23:10:44,4.9333,-52.3333,83.08,7,89,5.99
152,Sisimiut,GL,2022-05-24 23:11:42,66.9395,-53.6735,25.11,73,84,6.82
153,Lodja,CD,2022-05-24 23:11:42,-3.4833,23.4333,68.59,99,97,2.33
154,Nosy Varika,MG,2022-05-24 23:11:42,-20.5833,48.5333,69.28,90,13,4.99
155,Ouango,CF,2022-05-24 23:11:43,4.3133,22.5552,67.87,98,100,0.4
156,Oktyabrskiy,RU,2022-05-24 23:11:43,54.4815,53.471,42.55,86,100,4.16
157,Chapleau,CA,2022-05-24 23:11:43,47.8405,-83.4034,59.59,41,8,8.01
158,Digoin,FR,2022-05-24 23:11:44,46.4812,3.9795,56.12,87,0,2.3
159,Honiton,GB,2022-05-24 23:11:44,50.7996,-3.189,51.19,86,20,4.61
160,Talalayivka,UA,2022-05-24 23:11:44,50.9578,31.9209,47.75,82,50,6.38
161,Horta,PT,2022-05-24 23:07:31,38.5333,-28.6333,64.04,82,75,8.05
162,Luderitz,NA,2022-05-24 23:11:45,-26.6481,15.1594,60.06,65,0,3.24
163,Pauini,BR,2022-05-24 23:11:45,-7.7136,-66.9764,78.85,69,65,1.16
164,Quelimane,MZ,2022-05-24 23:11:46,-17.8786,36.8883,65.35,79,0,1.5
165,Conde,BR,2022-05-24 23:11:46,-7.2597,-34.9075,73.67,92,52,9.06
166,Gat,IL,2022-05-24 23:10:49,31.61,34.7642,71.4,73,0,1.45
167,Contamana,PE,2022-05-24 23:11:46,-7.3333,-75.0167,77.4,81,56,1.41
168,Parkersburg,US,2022-05-24 23:11:32,39.2667,-81.5615,73.17,70,98,2.15
169,Ancud,CL,2022-05-24 23:11:47,-41.8697,-73.8203,45.1,83,73,6.11
170,Vila Velha,BR,2022-05-24 23:11:47,-20.3297,-40.2925,70.61,81,55,4.68
171,Sao Filipe,CV,2022-05-24 23:11:47,14.8961,-24.4956,72.52,78,4,10.96
172,Saquena,PE,2022-05-24 23:11:48,-4.6667,-73.5167,74.03,97,26,1.83
173,Tambovka,RU,2022-05-24 23:11:48,50.0969,128.0489,51.28,51,10,11.43
174,Klaksvik,FO,2022-05-24 23:11:49,62.2266,-6.589,45.52,89,79,16.02
175,Pavilosta,LV,2022-05-24 23:11:49,56.8879,21.1859,55.31,81,85,8.81
176,Tiznit,MA,2022-05-24 23:11:49,29.5833,-9.5,64.42,69,62,2.42
177,Sassandra,CI,2022-05-24 23:11:49,4.95,-6.0833,74.77,92,100,4.76
178,Porto Novo,BJ,2022-05-24 23:11:50,6.4965,2.6036,76.91,85,93,4.65
179,Vardo,NO,2022-05-24 23:11:50,70.3705,31.1107,39.18,81,95,16.11
180,Laguna,US,2022-05-24 23:10:12,38.421,-121.4238,101.28,11,0,12.66
181,Goianesia,BR,2022-05-24 23:11:50,-15.3175,-49.1175,71.15,44,25,3.24
182,Bambous Virieux,MU,2022-05-24 23:12:51,-20.3428,57.7575,71.22,81,22,9.84
183,Quilmana,PE,2022-05-24 23:12:51,-12.95,-76.3833,66.02,80,17,4.0
184,Kochinda,IN,2022-05-24 23:12:51,21.7333,84.35,77.47,72,44,2.26
185,Los Llanos De Aridane,ES,2022-05-24 23:08:21,28.6585,-17.9182,64.15,81,100,17.27
186,Florianopolis,BR,2022-05-24 23:12:52,-27.6146,-48.5012,66.42,92,1,6.31
187,Nuuk,GL,2022-05-24 23:12:52,64.1835,-51.7216,23.88,85,100,11.01
188,Pokaran,IN,2022-05-24 23:12:52,26.9167,71.9167,83.66,33,0,4.29
189,Kruisfontein,ZA,2022-05-24 23:12:53,-34.0033,24.7314,61.88,90,90,9.48
190,Kavaratti,IN,2022-05-24 23:12:53,10.5669,72.642,83.05,77,28,9.26
191,Estelle,US,2022-05-24 23:12:53,29.8458,-90.1067,84.99,70,100,15.01
192,Teguise,ES,2022-05-24 23:12:54,29.0605,-13.564,64.62,64,40,20.71
193,Pudozh,RU,2022-05-24 23:12:54,61.8099,36.5345,35.06,95,99,3.13
194,Podporozhye,RU,2022-05-24 23:12:55,60.9112,34.1706,36.09,86,99,3.36
195,Calvinia,ZA,2022-05-24 23:12:55,-31.4707,19.776,51.8,61,7,3.44
196,Bonavista,CA,2022-05-24 23:12:55,48.6499,-53.1147,38.7,67,2,14.92
197,Kargasok,RU,2022-05-24 23:12:56,59.0556,80.8572,58.03,86,44,2.26
198,Coihaique,CL,2022-05-24 23:12:56,-45.5752,-72.0662,25.88,97,10,3.11
199,Moratuwa,LK,2022-05-24 23:12:56,6.773,79.8816,77.32,87,100,5.75
200,Vila Franca Do Campo,PT,2022-05-24 23:12:57,37.7167,-25.4333,61.2,77,34,4.68
201,Jalu,LY,2022-05-24 23:12:57,29.0331,21.5482,81.93,11,0,8.63
202,Sao Lourenco Do Sul,BR,2022-05-24 23:12:57,-31.3653,-51.9783,61.83,86,75,5.84
203,Saint George,US,2022-05-24 23:09:24,37.1041,-113.5841,89.64,8,0,7.0
204,Cartagena Del Chaira,CO,2022-05-24 23:12:58,1.3349,-74.8429,74.28,96,63,1.16
205,Acari,PE,2022-05-24 23:12:58,-15.4311,-74.6158,67.62,72,8,4.38
206,Oksfjord,NO,2022-05-24 23:12:58,70.2396,22.3479,55.58,63,100,11.25
207,Lethem,GY,2022-05-24 23:12:59,3.3803,-59.7968,77.56,82,49,7.74
208,Hurghada,EG,2022-05-24 23:12:59,27.2574,33.8129,78.19,36,0,13.89
209,Adre,TD,2022-05-24 23:12:59,13.4667,22.2,81.41,11,72,6.49
210,Tampere,FI,2022-05-24 23:13:04,61.4991,23.7871,46.51,73,0,1.14
211,Porto Velho,BR,2022-05-24 23:10:40,-8.7619,-63.9039,77.5,68,77,2.53
212,Linhares,BR,2022-05-24 23:13:04,-19.3911,-40.0722,65.41,95,38,3.8
213,Rocha,UY,2022-05-24 23:11:26,-34.4833,-54.3333,57.79,89,100,3.31
214,Solwezi,ZM,2022-05-24 23:13:05,-12.1688,26.3894,51.04,61,11,1.63
215,Dovolnoye,RU,2022-05-24 23:13:05,54.4958,79.6671,58.69,60,100,7.11
216,Chilca,PE,2022-05-24 23:13:05,-12.5211,-76.7372,63.21,88,30,5.77
217,Puerto Del Rosario,ES,2022-05-24 23:13:06,28.5004,-13.8627,67.75,77,100,23.02
218,Voyvozh,RU,2022-05-24 23:13:06,62.892,54.9635,41.22,96,94,5.93
219,Namibe,AO,2022-05-24 23:13:06,-15.1961,12.1522,66.22,74,0,7.54
220,Taltal,CL,2022-05-24 23:13:07,-25.4,-70.4833,59.65,83,23,1.05
221,Sao Miguel Do Araguaia,BR,2022-05-24 23:13:07,-13.275,-50.1628,76.86,48,14,2.73
222,Kirs,RU,2022-05-24 23:13:07,59.3388,52.2447,39.45,98,100,3.51
223,Cuamba,MZ,2022-05-24 23:13:08,-14.8031,36.5372,70.34,78,100,1.92
224,Sabha,LY,2022-05-24 23:13:08,27.0377,14.4283,84.6,13,29,12.1
225,Karpathos,GR,2022-05-24 23:13:08,35.507,27.2132,69.76,73,0,13.8
226,Pasni,PK,2022-05-24 23:13:09,25.2631,63.471,81.01,94,0,5.84
227,Mandsaur,IN,2022-05-24 23:13:09,24.0667,75.0667,82.63,64,44,17.13
228,Ponta Delgada,PT,2022-05-24 23:14:09,37.7333,-25.6667,61.5,82,20,5.75
229,Berlevag,NO,2022-05-24 23:14:10,70.8578,29.0864,49.95,40,100,10.36
230,Frome,GB,2022-05-24 23:14:10,51.2283,-2.3221,52.88,93,21,6.6
231,Pisco,PE,2022-05-24 23:14:11,-13.7,-76.2167,65.01,83,1,3.27
232,Saint-Augustin,CA,2022-05-24 23:14:11,51.226,-58.6502,47.75,59,81,12.21
233,Mana,GF,2022-05-24 23:14:12,5.6592,-53.7767,78.44,88,71,8.75
234,Andenes,NO,2022-05-24 23:14:12,69.3143,16.1194,51.78,66,40,8.05
235,Shu,KZ,2022-05-24 23:14:12,43.5983,73.7614,61.36,77,100,6.69
236,Berezniki,RU,2022-05-24 23:14:12,59.4152,56.8124,43.92,97,100,4.65
237,Biskamzha,RU,2022-05-24 23:14:13,53.4497,89.5272,54.43,78,100,4.21
238,Ayagoz,KZ,2022-05-24 23:14:13,47.9714,80.4392,58.32,75,100,9.28
239,Dingli,MT,2022-05-24 23:14:14,35.8614,14.3822,68.16,73,0,9.22
240,Dingle,PH,2022-05-24 23:14:14,10.9995,122.6711,82.02,80,37,4.34
241,Belmonte,BR,2022-05-24 23:14:14,-15.8631,-38.8828,72.88,79,28,9.15
242,Kassala,SD,2022-05-24 23:14:15,15.451,36.4,91.63,19,21,3.89
243,Ribeira Grande,PT,2022-05-24 23:14:15,38.5167,-28.7,64.8,82,75,8.05
244,Morondava,MG,2022-05-24 23:14:16,-20.2833,44.2833,74.3,81,0,5.19
245,Ardakan,IR,2022-05-24 23:14:16,32.31,54.0175,76.01,9,0,6.78
246,Hadejia,NG,2022-05-24 23:14:16,12.4498,10.0444,86.72,7,70,7.36
247,Narsaq,GL,2022-05-24 23:14:17,60.9167,-46.05,36.34,44,1,15.43
248,Pangnirtung,CA,2022-05-24 23:14:17,66.1451,-65.7125,20.08,79,100,6.58
249,Mehran,IR,2022-05-24 23:14:17,33.1222,46.1646,79.07,24,0,7.99
250,Nilopolis,BR,2022-05-24 23:14:18,-22.8075,-43.4139,70.72,80,0,4.52
251,Port-Gentil,GA,2022-05-24 23:11:02,-0.7193,8.7815,75.16,88,20,10.36
252,Challapata,BO,2022-05-24 23:14:18,-18.9,-66.7667,42.94,20,0,2.82
253,Linden,GY,2022-05-24 23:14:18,6.0,-58.3,75.31,91,53,3.98
254,Svencionys,LT,2022-05-24 23:14:19,55.15,26.1667,49.12,79,1,4.54
255,Kombissiri,BF,2022-05-24 23:14:19,12.0656,-1.3375,86.81,46,89,8.59
256,Amiens,FR,2022-05-24 23:14:19,49.9,2.3,50.04,92,1,6.6
257,Tibati,CM,2022-05-24 23:14:20,6.4667,12.6333,66.9,94,94,1.74
258,Lubango,AO,2022-05-24 23:14:20,-14.9172,13.4925,55.44,33,0,3.24
259,Sao Joao Da Barra,BR,2022-05-24 23:14:21,-21.6403,-41.0511,72.9,72,88,10.33
260,Nanortalik,GL,2022-05-24 23:14:21,60.1432,-45.2371,32.04,70,12,32.66
261,Madawaska,US,2022-05-24 23:14:21,47.3561,-68.3288,59.49,64,100,4.97
262,Colquechaca,BO,2022-05-24 23:11:14,-18.6667,-66.0167,34.29,18,0,4.0
263,Kwakoa,TZ,2022-05-24 23:14:22,-3.7667,37.7167,68.31,86,95,1.19
264,Grand Gaube,MU,2022-05-24 23:14:22,-20.0064,57.6608,71.38,79,13,12.88
265,Rio Grande,BR,2022-05-24 23:14:22,-32.035,-52.0986,61.95,85,100,8.19
266,Bialystok,PL,2022-05-24 23:14:23,53.1333,23.15,55.96,57,100,6.33
267,Manoel Urbano,BR,2022-05-24 23:11:18,-8.8389,-69.2597,74.03,90,94,1.07
268,Tubuala,PA,2022-05-24 23:14:23,9.5167,-79.0333,80.42,84,91,5.79
269,Urucui,BR,2022-05-24 23:11:14,-7.2294,-44.5561,82.54,44,49,3.74
270,Hyderabad,IN,2022-05-24 23:12:22,17.3753,78.4744,83.71,51,40,13.8
271,Nikel,RU,2022-05-24 23:14:23,69.4128,30.222,46.58,56,99,6.78
272,Vagur,FO,2022-05-24 23:14:24,61.4732,-6.8119,46.83,88,86,15.68
273,Mitsamiouli,KM,2022-05-24 23:14:24,-11.3847,43.2844,79.39,73,10,8.93
274,Raudeberg,NO,2022-05-24 23:15:24,61.9875,5.1352,54.27,92,100,7.99
275,Inzer,RU,2022-05-24 23:15:25,54.2167,57.5556,51.39,98,100,2.55
276,Touros,BR,2022-05-24 23:15:25,-5.1989,-35.4608,75.09,90,8,6.96
277,Road Town,VG,2022-05-24 23:15:25,18.4167,-64.6167,79.66,76,28,14.94
278,Saraland,US,2022-05-24 23:15:25,30.8207,-88.0706,84.31,79,96,9.82
279,Kargala,RU,2022-05-24 23:15:26,56.6208,83.9607,54.97,62,3,4.14
280,Messina,IT,2022-05-24 23:15:26,38.1933,15.5497,76.91,64,37,5.01
281,Hambantota,LK,2022-05-24 23:15:26,6.1241,81.1185,78.73,81,100,13.24
282,Concepcion,CL,2022-05-24 23:15:27,-36.827,-73.0498,48.97,84,97,2.93
283,Ozark,US,2022-05-24 23:13:38,37.0209,-93.206,62.85,95,100,3.0
284,Mehamn,NO,2022-05-24 23:15:27,71.0357,27.8492,49.91,62,100,13.73
285,Castro,BR,2022-05-24 23:15:27,-24.7911,-50.0119,54.45,84,0,2.75
286,Vetlanda,SE,2022-05-24 23:15:27,57.4289,15.0776,50.95,98,94,4.94
287,Nioro,GM,2022-05-24 23:15:28,13.35,-15.75,80.08,53,27,10.04
288,Jibuti,DJ,2022-05-24 23:15:28,11.5,42.5,84.81,43,2,2.53
289,Faya,SA,2022-05-24 23:15:28,18.3851,42.4509,70.05,51,2,3.44
290,Hamilton,US,2022-05-24 23:13:49,39.1834,-84.5333,75.65,63,86,4.0
291,Kolpashevo,RU,2022-05-24 23:15:29,58.3131,82.9089,58.1,68,11,3.31
292,San Pedro,PH,2022-05-24 23:15:29,14.35,121.0167,86.36,85,56,3.33
293,Zhovkva,UA,2022-05-24 23:15:29,50.0583,23.9726,55.85,73,99,5.57
294,Muscat,OM,2022-05-24 23:15:29,23.6139,58.5922,90.73,45,0,10.29
295,Kavarna,BG,2022-05-24 23:15:30,43.4333,28.3333,58.57,99,98,9.08
296,Shivrajpur,IN,2022-05-24 23:15:30,22.4167,73.65,83.52,66,1,10.67
297,Saint-Francois,FR,2022-05-24 23:15:30,46.4154,3.9054,54.84,82,0,2.3
298,Lulea,SE,2022-05-24 23:15:31,65.5842,22.1547,46.47,66,97,6.91
299,Qaqortoq,GL,2022-05-24 23:15:31,60.7167,-46.0333,34.83,52,0,35.08
300,Honavar,IN,2022-05-24 23:15:31,14.2833,74.45,80.49,89,97,4.41
301,Swidnik,PL,2022-05-24 23:15:32,51.219,22.6962,60.69,76,0,1.14
302,Atar,MR,2022-05-24 23:15:32,20.5169,-13.0499,91.74,17,67,2.26
303,Vegueta,PE,2022-05-24 23:15:32,-11.0231,-77.6431,65.28,79,11,10.04
304,Ostersund,SE,2022-05-24 23:15:33,63.1792,14.6357,50.61,61,99,16.11
305,Chapais,CA,2022-05-24 23:15:33,49.7834,-74.8492,58.05,42,62,9.37
306,Mao,ES,2022-05-24 23:15:33,39.8885,4.2658,66.76,82,40,14.97
307,Wloclawek,PL,2022-05-24 23:15:34,52.6482,19.0678,56.68,98,100,4.74
308,Shetpe,KZ,2022-05-24 23:15:34,44.1667,52.1167,56.7,74,57,7.49
309,Lure,FR,2022-05-24 23:15:35,47.75,6.5,55.06,87,0,3.44
310,Rajpur,IN,2022-05-24 23:15:35,22.3,74.35,81.0,70,0,16.93
311,Saint-Hyacinthe,CA,2022-05-24 23:11:19,45.6168,-72.9491,63.25,39,100,3.67
312,Upata,VE,2022-05-24 23:15:35,8.0086,-62.3989,74.77,81,93,6.85
313,Tsimlyansk,RU,2022-05-24 23:14:41,47.6461,42.1019,50.43,74,65,7.18
314,Gweta,BW,2022-05-24 23:15:36,-20.1833,25.2333,63.01,37,0,4.65
315,Clyde River,CA,2022-05-24 23:15:36,70.4692,-68.5914,12.79,80,90,3.58
316,Abancay,PE,2022-05-24 23:15:37,-13.6339,-72.8814,57.85,63,6,4.0
317,Rawah,IQ,2022-05-24 23:15:37,34.4816,41.9093,75.33,32,2,9.15
318,Nouadhibou,MR,2022-05-24 23:15:37,20.931,-17.0347,65.21,90,0,20.67
319,Penzance,GB,2022-05-24 23:15:37,50.1186,-5.5371,52.48,77,100,17.92
320,Manavgat,TR,2022-05-24 23:15:38,36.7867,31.4431,69.06,68,0,2.1
321,Bystrzyca Klodzka,PL,2022-05-24 23:15:38,50.3018,16.6423,59.59,96,100,1.92
322,Padang,ID,2022-05-24 23:15:39,-0.9492,100.3543,73.45,93,100,2.93
323,Beloha,MG,2022-05-24 23:16:39,-25.1667,45.05,68.63,90,67,3.27
324,Talcahuano,CL,2022-05-24 23:15:15,-36.7167,-73.1167,50.04,80,99,5.21
325,Kalakamati,BW,2022-05-24 23:16:39,-20.5929,27.3121,56.82,51,0,6.02
326,Souillac,MU,2022-05-24 23:16:39,-20.5167,57.5167,72.55,85,16,9.42
327,Grindavik,IS,2022-05-24 23:16:40,63.8424,-22.4338,43.27,93,100,3.44
328,Guasdualito,VE,2022-05-24 23:16:40,7.2424,-70.7324,75.79,89,91,2.24
329,Olafsvik,IS,2022-05-24 23:16:41,64.8945,-23.7142,42.12,90,100,4.05
330,San Rafael Del Sur,NI,2022-05-24 23:16:41,11.8485,-86.4384,82.44,72,99,6.35
331,Tashara,RU,2022-05-24 23:16:41,55.5195,83.5094,53.76,62,90,6.69
332,Chabahar,IR,2022-05-24 23:16:42,25.2919,60.643,83.3,82,0,2.57
333,Umm Lajj,SA,2022-05-24 23:16:42,25.0213,37.2685,79.29,46,0,6.35
334,La Rioja,ES,2022-05-24 23:15:36,42.25,-2.5,46.18,93,100,4.9
335,Krasnoselkup,RU,2022-05-24 23:16:42,65.7,82.4667,48.0,73,52,6.08
336,Santarem,BR,2022-05-24 23:16:43,-2.4431,-54.7083,75.25,87,7,3.56
337,Tahta,EG,2022-05-24 23:16:43,26.7693,31.5021,79.11,20,0,8.75
338,Beni Suef,EG,2022-05-24 23:16:43,29.0731,31.0979,75.02,40,0,10.85
339,Varadero,CU,2022-05-24 23:16:44,23.1536,-81.2514,80.46,78,100,17.0
340,Corrente,BR,2022-05-24 23:16:44,-3.7367,-43.3394,73.8,90,100,2.33
341,Pinega,RU,2022-05-24 23:16:44,64.7001,43.3936,31.17,98,43,6.46
342,Nouakchott,MR,2022-05-24 23:16:44,18.0858,-15.9785,67.66,88,4,12.84
343,Seguela,CI,2022-05-24 23:16:45,7.9611,-6.6731,69.69,96,99,4.23
344,Lukow,PL,2022-05-24 23:16:45,51.929,22.3796,55.92,83,100,6.11
345,Sur,OM,2022-05-24 23:12:32,22.5667,59.5289,88.07,50,0,15.37
346,Caraballeda,VE,2022-05-24 23:16:45,10.6112,-66.8522,82.87,92,78,10.58
347,Tevriz,RU,2022-05-24 23:16:46,57.509,72.4042,54.82,75,44,4.56
348,Dzerzhinsk,RU,2022-05-24 23:14:34,56.2389,43.4631,33.62,100,20,0.0
349,Binika,IN,2022-05-24 23:16:46,21.0333,83.8,83.93,56,61,2.21
350,Itarema,BR,2022-05-24 23:16:47,-2.9248,-39.9167,76.19,87,39,9.69
351,Horki,BY,2022-05-24 23:16:47,54.2861,30.9842,47.14,82,79,5.86
352,San Rafael,AR,2022-05-24 23:16:47,-34.6177,-68.3301,49.71,64,44,5.7
353,Middleton,GB,2022-05-24 23:16:47,53.55,-2.2,53.94,79,28,6.26
354,Imeni Zhelyabova,RU,2022-05-24 23:16:48,58.9544,36.5956,31.59,97,78,3.44
355,Adrar,MR,2022-05-24 23:16:48,20.5022,-10.0711,89.78,10,0,6.85
356,Scituate,US,2022-05-24 23:16:48,42.1959,-70.7259,60.71,75,7,1.01
357,Kubinka,RU,2022-05-24 23:16:49,55.5839,36.69,39.2,95,53,4.38
358,Salto Del Guaira,PY,2022-05-24 23:16:49,-24.0625,-54.3069,63.09,80,0,5.99
359,Tessalit,ML,2022-05-24 23:16:50,20.1986,1.0114,89.85,16,97,7.2
360,Elhovo,BG,2022-05-24 23:16:50,42.1667,26.5667,55.02,95,99,5.03
361,Salekhard,RU,2022-05-24 23:16:50,66.53,66.6019,38.89,93,29,9.6
362,Stromness,GB,2022-05-24 23:16:51,58.965,-3.296,48.16,89,53,3.0
363,Sundsvall,SE,2022-05-24 23:16:51,62.3913,17.3063,46.36,81,75,6.91
364,Morros,BR,2022-05-24 23:16:51,-9.4467,-46.3003,75.25,48,40,2.53
365,Cururupu,BR,2022-05-24 23:16:51,-1.8283,-44.8683,73.35,95,28,2.8
366,Maarianhamina,AX,2022-05-24 23:16:52,60.0973,19.9348,55.26,58,0,5.75
367,Hit,IQ,2022-05-24 23:16:52,33.6416,42.8251,77.49,26,0,3.94
368,Guarapari,BR,2022-05-24 23:16:52,-20.6667,-40.4975,68.29,85,32,2.57
369,Hanstholm,DK,2022-05-24 23:16:53,57.1167,8.6167,52.63,93,31,10.58
370,Omboue,GA,2022-05-24 23:16:53,-1.5746,9.2618,74.88,82,98,8.3
371,Cabedelo,BR,2022-05-24 23:16:53,-6.9811,-34.8339,76.93,88,52,11.68
372,Havre-Saint-Pierre,CA,2022-05-24 23:17:53,50.2334,-63.5986,45.01,75,13,11.36
373,Krasnogorskoye,RU,2022-05-24 23:17:54,52.2953,86.1979,56.08,88,67,2.17
374,Ibipeba,BR,2022-05-24 23:17:54,-11.6408,-42.0111,69.24,61,85,8.34
375,Marawi,PH,2022-05-24 23:17:54,7.9986,124.2928,72.81,88,88,1.32
376,Bentiu,SS,2022-05-24 23:17:55,9.2333,29.8333,75.65,79,100,8.86
377,Marystown,CA,2022-05-24 23:15:03,47.1666,-55.1483,46.85,100,5,14.07
378,Zakupne,UA,2022-05-24 23:17:55,49.1194,26.3376,49.12,71,84,8.63
379,Gombe,NG,2022-05-24 23:17:55,10.2897,11.1673,83.89,49,10,17.0
380,Goundam,ML,2022-05-24 23:17:56,16.4145,-3.6708,90.55,26,42,6.85
381,Stephenville,US,2022-05-24 23:17:38,32.2207,-98.2023,74.95,83,75,8.05
382,Cornelio Procopio,BR,2022-05-24 23:14:42,-23.1811,-50.6467,60.21,69,0,5.1
383,Polovinnoye,RU,2022-05-24 23:18:00,54.7914,65.9864,58.59,49,97,9.93
384,Sechura,PE,2022-05-24 23:18:00,-5.5569,-80.8222,70.03,67,5,17.36
385,Rio Claro,BR,2022-05-24 23:15:22,-22.4114,-47.5614,60.71,62,0,3.65
386,Constitucion,CL,2022-05-24 23:18:01,-35.3333,-72.4167,55.31,79,100,0.81
387,Saint-Pierre,RE,2022-05-24 23:18:01,-21.3393,55.4781,71.28,60,0,8.05
388,Grand-Lahou,CI,2022-05-24 23:18:02,5.1367,-5.0242,76.6,89,100,6.31
389,Eydhafushi,MV,2022-05-24 23:18:02,5.1033,73.0708,82.33,77,83,5.75
390,Alta Floresta,BR,2022-05-24 23:18:02,-9.8756,-56.0861,74.88,72,69,3.42
391,Urumqi,CN,2022-05-24 23:18:02,43.801,87.6005,70.75,35,0,2.24
392,Lebanon,US,2022-05-24 23:15:03,36.2081,-86.2911,76.15,85,99,5.91
393,Vestmannaeyjar,IS,2022-05-24 23:18:04,63.4427,-20.2734,43.81,82,100,10.69
394,Verkhneyarkeyevo,RU,2022-05-24 23:18:04,55.4505,54.3145,45.79,91,100,5.57
395,Umm Kaddadah,SD,2022-05-24 23:18:04,13.6017,26.6876,80.51,11,37,12.24
396,Longyearbyen,SJ,2022-05-24 23:18:05,78.2186,15.6401,39.04,75,20,27.63
397,Meulaboh,ID,2022-05-24 23:18:05,4.1363,96.1285,76.51,90,98,4.61
398,Lakhdenpokhya,RU,2022-05-24 23:18:05,61.5198,30.1992,37.62,89,0,4.05
399,French Harbor,HN,2022-05-24 23:18:06,16.35,-86.4333,83.07,87,70,3.0
400,Punta Alta,AR,2022-05-24 23:18:06,-38.8759,-62.0736,51.62,66,28,10.42
401,Andros Town,BS,2022-05-24 23:18:07,24.7,-77.7667,79.99,67,23,16.67
402,Arlit,NE,2022-05-24 23:18:07,18.7369,7.3853,89.96,9,87,5.79
403,Augusto Correa,BR,2022-05-24 23:18:08,-1.0217,-46.635,73.47,96,100,3.69
404,Berbera,SO,2022-05-24 23:18:08,10.4396,45.0143,85.48,68,57,1.59
405,Nizwa,OM,2022-05-24 23:18:08,22.9333,57.5333,83.41,38,0,1.48
406,Morristown,US,2022-05-24 23:18:09,36.214,-83.2949,74.91,73,0,6.91
407,Simga,IN,2022-05-24 23:18:09,21.6333,81.7,85.37,36,3,5.44
408,Bubaque,GW,2022-05-24 23:18:09,11.2833,-15.8333,77.79,75,25,12.73
409,Verbivka,UA,2022-05-24 23:18:10,49.4167,35.5333,47.89,84,64,6.89
410,Zhezkazgan,KZ,2022-05-24 23:18:10,47.8043,67.7144,60.73,39,94,9.28
411,Brigantine,US,2022-05-24 23:18:10,39.4101,-74.3646,60.21,79,100,13.71
412,Karpogory,RU,2022-05-24 23:18:10,64.0019,44.4451,34.05,95,15,7.85
413,Mizdah,LY,2022-05-24 23:18:11,31.4451,12.9801,75.7,18,2,12.33
414,Thinadhoo,MV,2022-05-24 23:18:11,0.5333,72.9333,83.08,69,99,3.51
415,Ostrovnoy,RU,2022-05-24 23:18:12,68.0531,39.5131,32.32,89,100,7.99
416,Ituporanga,BR,2022-05-24 23:18:12,-27.4144,-49.6025,57.25,93,0,2.06
417,Albanel,CA,2022-05-24 23:19:12,48.8832,-72.4487,58.42,53,92,3.8
418,Arbuzynka,UA,2022-05-24 23:19:13,47.9097,31.3196,49.93,55,27,2.86
419,Zuenoula,CI,2022-05-24 23:19:13,7.4292,-6.0431,70.81,96,100,2.53
420,Turayf,SA,2022-05-24 23:19:14,31.6725,38.6637,68.36,35,0,9.4
421,Cantanhede,BR,2022-05-24 23:19:14,-3.6333,-44.3767,74.16,91,100,3.11
422,Tansen,NP,2022-05-24 23:19:15,27.8673,83.5467,64.6,61,100,4.85
423,Tignere,CM,2022-05-24 23:19:15,7.3667,12.65,65.23,91,76,3.29
424,Tabou,CI,2022-05-24 23:19:16,4.423,-7.3528,75.85,88,100,9.13
425,Santa Lucia,ES,2022-05-24 23:18:58,27.9117,-15.5407,61.77,73,40,20.71
426,Altay,CN,2022-05-24 23:19:16,47.8667,88.1167,70.9,32,100,7.54
427,Mabaruma,GY,2022-05-24 23:19:17,8.2,-59.7833,74.7,91,77,3.98
428,Mallaig,CA,2022-05-24 23:19:17,54.2169,-111.3685,59.29,61,100,1.41
429,Selma,US,2022-05-24 23:19:17,36.5708,-119.6121,98.19,11,8,7.36
430,Cabinda,AO,2022-05-24 23:19:18,-5.55,12.2,74.03,86,48,6.22
431,Huarmey,PE,2022-05-24 23:19:18,-10.0681,-78.1522,66.07,81,2,9.22
432,Mangan,IN,2022-05-24 23:19:18,27.5167,88.5333,68.88,75,51,4.63
433,Cap Malheureux,MU,2022-05-24 23:19:19,-19.9842,57.6142,70.47,79,10,1.99
434,Moose Factory,CA,2022-05-24 23:19:19,51.2585,-80.6094,71.98,26,79,12.48
435,Verkhnyaya Inta,RU,2022-05-24 23:19:19,65.9811,60.3094,41.5,74,8,7.0
436,Saint Anthony,US,2022-05-24 23:19:19,45.0205,-93.218,67.6,34,100,5.99
437,Port Blair,IN,2022-05-24 23:19:20,11.6667,92.75,82.24,81,78,18.99
438,Garowe,SO,2022-05-24 23:19:20,8.4054,48.4845,82.2,58,40,25.72
439,San Carlos De Bariloche,AR,2022-05-24 23:19:20,-41.1456,-71.3082,31.77,94,52,5.32
440,Marfino,RU,2022-05-24 23:19:20,55.7028,37.3822,42.71,61,0,4.47
441,Qasigiannguit,GL,2022-05-24 23:19:21,68.8193,-51.1922,19.4,74,96,3.29
442,Neyshabur,IR,2022-05-24 23:19:21,36.2133,58.7958,71.73,30,0,4.14
443,Ginda,IN,2022-05-24 23:19:22,30.6945,78.4932,51.13,61,1,6.93
444,Inirida,CO,2022-05-24 23:19:22,3.8653,-67.9239,75.96,94,92,0.27
445,Hobyo,SO,2022-05-24 23:15:09,5.3505,48.5268,79.7,82,18,24.27
446,Bulawayo,ZW,2022-05-24 23:19:22,-20.15,28.5833,55.72,58,0,4.81
447,Codo,BR,2022-05-24 23:19:23,-4.4553,-43.8856,74.64,86,98,1.32
448,Tsabong,BW,2022-05-24 23:19:23,-26.0217,22.401,60.89,43,0,4.38
449,Maragogi,BR,2022-05-24 23:19:23,-9.0122,-35.2225,75.94,90,100,9.84
450,Tucurui,BR,2022-05-24 23:19:24,-3.7661,-49.6725,76.8,79,78,3.69
451,Kemijarvi,FI,2022-05-24 23:19:24,66.7131,27.4306,46.76,64,76,5.3
452,Chongoyape,PE,2022-05-24 23:19:24,-6.6406,-79.3892,72.95,67,8,5.01
453,Barcelos,PT,2022-05-24 23:19:25,41.5388,-8.6151,57.34,92,68,6.42
454,Gomel,BY,2022-05-24 23:19:25,52.4345,30.9754,49.82,71,51,5.53
455,Bogo,PH,2022-05-24 23:19:25,11.0517,124.0055,83.41,74,27,4.47
456,Nargana,PA,2022-05-24 23:19:25,9.4428,-78.5906,80.51,83,97,4.7
457,Salalah,OM,2022-05-24 23:19:26,17.0151,54.0924,80.06,78,71,5.44
458,Carmen,MX,2022-05-24 23:15:52,18.6333,-91.8333,87.64,63,52,14.45
459,Diapaga,BF,2022-05-24 23:19:26,12.0708,1.7889,87.48,45,74,7.61
460,Oskemen,KZ,2022-05-24 23:19:26,49.9565,82.6119,49.96,93,28,2.24
461,Liverpool,GB,2022-05-24 23:18:48,53.4106,-2.9779,54.82,76,40,11.5
462,Qurbus,TN,2022-05-24 23:20:27,36.8167,10.5687,73.44,75,55,10.16
463,Hammerfest,NO,2022-05-24 23:20:27,70.6634,23.6821,51.55,67,100,9.19
464,Zambezi,ZM,2022-05-24 23:20:27,-13.5432,23.1047,51.87,46,0,4.45
465,Ludvika,SE,2022-05-24 23:20:28,60.1496,15.1878,53.6,90,100,7.05
466,Lima,PE,2022-05-24 23:17:33,-12.0432,-77.0282,66.9,73,24,6.46
467,Manaus,BR,2022-05-24 23:20:28,-3.1019,-60.025,77.38,86,77,3.71
468,Rio Gallegos,AR,2022-05-24 23:20:29,-51.6226,-69.2181,35.46,75,22,12.75
469,Manbij,SY,2022-05-24 23:20:29,36.5281,37.9549,65.59,33,2,4.81
470,Butler,US,2022-05-24 23:20:30,39.4501,-84.5666,74.82,60,0,9.22
471,Korhogo,CI,2022-05-24 23:20:30,9.45,-5.6333,72.59,89,97,7.49
472,Mospyne,UA,2022-05-24 23:20:30,47.8908,38.064,51.91,66,65,5.48
473,Bud,US,2022-05-24 23:20:30,39.447,-86.1758,75.22,59,93,10.54
474,Wawa,NG,2022-05-24 23:20:31,9.9022,4.4192,80.42,66,39,7.52
475,Urrao,CO,2022-05-24 23:20:31,6.3152,-76.1342,60.58,97,97,2.08
476,Maceio,BR,2022-05-24 23:20:31,-9.6658,-35.7353,76.87,87,99,11.65
477,Betafo,MG,2022-05-24 23:20:32,-19.8333,46.85,58.17,82,67,0.72
478,Port Shepstone,ZA,2022-05-24 23:19:00,-30.7414,30.455,66.11,78,34,7.76
479,Fos-Sur-Mer,FR,2022-05-24 23:20:32,43.4377,4.9446,69.85,59,0,11.5
480,Sombor,RS,2022-05-24 23:20:32,45.7742,19.1122,64.31,89,100,7.56
481,Mananjary,MG,2022-05-24 23:20:33,-21.2167,48.3333,69.66,91,17,5.57
482,Mastic Beach,US,2022-05-24 23:20:33,40.7668,-72.8521,64.54,74,53,13.0
483,Lavumisa,SZ,2022-05-24 23:20:33,-27.31,31.892,60.03,77,1,2.75
484,Raga,SS,2022-05-24 23:20:33,8.4596,25.678,73.13,77,100,8.16
485,Porto Seguro,BR,2022-05-24 23:20:34,-16.4497,-39.0647,74.07,76,12,11.16
486,Turukhansk,RU,2022-05-24 23:20:34,65.8167,87.9833,49.24,76,35,3.78
487,Jawhar,SO,2022-05-24 23:20:35,2.7809,45.5005,76.42,82,82,11.77
488,Padilla,CO,2022-05-24 23:20:35,3.2204,-76.3139,71.91,89,95,0.81
489,Mali,GN,2022-05-24 23:18:09,12.079,-12.2982,71.92,48,83,3.91
490,Tremedal,BR,2022-05-24 23:20:35,-14.9758,-41.4108,68.68,46,18,7.49
491,Wilmington,US,2022-05-24 23:16:40,34.2257,-77.9447,82.31,74,96,3.0
492,Sioux Lookout,CA,2022-05-24 23:20:36,50.1001,-91.917,65.14,45,58,9.48
493,Gamba,GA,2022-05-24 23:20:36,-2.65,10.0,73.36,85,55,6.06
494,La Ligua,CL,2022-05-24 23:19:14,-32.4524,-71.2311,60.24,68,100,2.77
495,Kautokeino,NO,2022-05-24 23:20:36,69.0125,23.0412,44.73,69,100,10.54
496,Pokhara,NP,2022-05-24 23:20:37,28.2333,83.9833,68.59,64,100,7.34
497,Sturgeon Bay,US,2022-05-24 23:20:37,44.8342,-87.377,60.76,64,98,5.57
498,Taoudenni,ML,2022-05-24 23:20:37,22.6783,-3.9836,95.85,8,0,8.72
499,Mpika,ZM,2022-05-24 23:20:38,-11.8343,31.4529,56.37,72,9,4.34
500,Rodrigues Alves,BR,2022-05-24 23:20:38,-7.738,-72.6509,73.74,97,65,1.59
501,Syracuse,IT,2022-05-24 23:20:38,37.0881,15.2792,71.31,63,14,5.44
502,Clarksburg,US,2022-05-24 23:20:38,39.2807,-80.3445,69.93,79,94,2.3
503,Kulhudhuffushi,MV,2022-05-24 23:20:39,6.6221,73.07,82.99,77,96,9.78
504,Sept-Iles,CA,2022-05-24 23:20:02,50.2001,-66.3821,56.05,59,31,3.0
505,Guanica,PR,2022-05-24 23:20:39,17.9716,-66.908,81.12,86,38,11.1
506,Sidhauli,IN,2022-05-24 23:20:39,27.2833,80.8333,81.25,40,0,5.95
507,Dekar,BW,2022-05-24 23:21:40,-21.5333,21.9333,56.59,47,0,3.87
508,Beira,MZ,2022-05-24 23:21:40,-19.8436,34.8389,67.06,76,0,3.2
509,Nurota,UZ,2022-05-24 23:21:40,40.5614,65.6886,72.9,31,33,3.65
510,Bosaso,SO,2022-05-24 23:21:40,11.2842,49.1816,84.2,61,9,3.42
511,Am Timan,TD,2022-05-24 23:21:41,11.0297,20.2827,84.85,49,52,8.55
512,Mount Pleasant,US,2022-05-24 23:18:00,32.7941,-79.8626,82.54,74,0,11.5
513,Terra Nova,BR,2022-05-24 23:21:41,-12.3667,-40.6667,67.24,72,84,6.62
514,Kudahuvadhoo,MV,2022-05-24 23:21:41,2.6708,72.8944,82.47,74,93,4.94
515,Santa Rosa,PH,2022-05-24 23:21:42,14.3122,121.1114,87.12,85,53,2.64
516,Rawson,AR,2022-05-24 23:21:42,-43.3002,-65.1023,44.73,43,16,12.71
517,Barbosa Ferraz,BR,2022-05-24 23:21:43,-24.03,-52.0117,61.43,81,0,2.86
518,Nadym,RU,2022-05-24 23:21:43,65.5333,72.5167,44.6,77,7,6.67
519,Boralday,KZ,2022-05-24 23:21:43,43.3578,76.8594,62.46,77,100,4.47
520,Methala,IN,2022-05-24 23:21:44,10.2166,76.2166,77.0,95,100,2.44
521,Milharado,PT,2022-05-24 23:21:44,38.9473,-9.1991,59.29,75,20,12.66
522,Shahr-E Babak,IR,2022-05-24 23:21:45,30.1165,55.1186,67.84,17,0,9.89
523,Stykkisholmur,IS,2022-05-24 23:20:08,65.0757,-22.7297,42.64,89,100,5.68
524,Arcachon,FR,2022-05-24 23:21:45,44.5875,-1.0519,53.92,82,75,2.3
525,Visby,SE,2022-05-24 23:20:10,57.6409,18.296,52.05,95,100,12.26
526,Roura,GF,2022-05-24 23:21:45,4.7263,-52.3274,82.96,78,93,5.75
527,Troy,US,2022-05-24 23:16:58,42.6056,-83.1499,69.73,47,0,5.75
528,Valkla,EE,2022-05-24 23:21:46,59.4744,25.3186,48.7,69,2,8.08
529,Albany,US,2022-05-24 23:21:46,42.6001,-73.9662,70.38,53,77,2.66
530,Awjilah,LY,2022-05-24 23:21:46,29.1081,21.2869,82.2,11,0,9.37
531,Greensburg,US,2022-05-24 23:21:46,40.3015,-79.5389,67.89,76,100,6.91
532,Alexandria,EG,2022-05-24 23:21:47,31.2156,29.9553,68.94,75,0,4.38
533,Lynn Haven,US,2022-05-24 23:18:18,30.2455,-85.6483,84.04,78,54,5.99
534,Ilheus,BR,2022-05-24 23:21:47,-14.7889,-39.0494,73.69,76,1,10.65
535,Tripoli,LY,2022-05-24 23:19:14,32.8752,13.1875,79.5,29,0,11.7
536,Olinda,BR,2022-05-24 23:18:57,-8.0089,-34.8553,76.78,88,86,11.3
537,Arevshat,AM,2022-05-24 23:21:48,40.0396,44.5418,49.05,81,100,8.05
538,Karasjok,NO,2022-05-24 23:21:48,69.4719,25.5112,51.82,56,100,5.59
539,Coruripe,BR,2022-05-24 23:21:49,-10.1256,-36.1756,75.4,88,55,11.3
540,Mattru,SL,2022-05-24 23:21:49,7.6244,-11.8332,73.31,95,100,2.77
541,Lerwick,GB,2022-05-24 23:21:49,60.1545,-1.1494,46.94,86,68,8.34
542,Vlasenica,BA,2022-05-24 23:21:50,44.1819,18.9406,59.5,78,47,5.03
543,Xai-Xai,MZ,2022-05-24 23:21:50,-25.0519,33.6442,65.64,93,0,3.65
544,Ustka,PL,2022-05-24 23:21:50,54.5805,16.8619,52.84,98,96,8.1
545,Leshukonskoye,RU,2022-05-24 23:21:51,64.8989,45.7622,34.38,96,15,7.25
546,Najran,SA,2022-05-24 23:21:51,17.4924,44.1277,76.5,13,0,3.0
547,Gao,ML,2022-05-24 23:21:52,16.6362,1.637,90.05,23,94,5.99
548,La Seyne-Sur-Mer,FR,2022-05-24 23:21:52,43.0982,5.8847,69.89,86,97,11.97
549,Colares,PT,2022-05-24 23:21:52,38.7992,-9.4469,61.29,71,100,25.01
550,Parrita,CR,2022-05-24 23:21:53,9.5201,-84.3225,77.81,87,100,1.79
551,Micoud,LC,2022-05-24 23:21:53,13.8167,-60.9,81.41,68,100,11.39
552,Kommunisticheskiy,RU,2022-05-24 23:21:53,61.6789,64.4819,42.4,96,100,5.3
553,Quepos,CR,2022-05-24 23:22:54,9.4236,-84.1652,77.58,88,100,2.8
554,Gubkinskiy,RU,2022-05-24 23:22:54,64.434,76.5026,51.53,56,37,5.75
555,Shankargarh,IN,2022-05-24 23:22:54,25.1833,81.6167,84.85,36,0,4.07
556,Cornwall,CA,2022-05-24 23:22:55,45.0181,-74.7281,65.44,68,100,4.25
557,Warri,NG,2022-05-24 23:22:55,5.5167,5.75,73.76,94,86,3.94
558,Chimoio,MZ,2022-05-24 23:22:55,-19.1164,33.4833,57.63,78,0,2.68
559,Ifakara,TZ,2022-05-24 23:22:55,-8.1333,36.6833,71.17,84,54,1.41
560,Mrakovo,RU,2022-05-24 23:22:56,52.7161,56.6244,52.3,97,100,2.21
561,Sumbe,AO,2022-05-24 23:22:56,-11.2061,13.8437,71.06,86,67,5.84
562,Bonthe,SL,2022-05-24 23:22:56,7.5264,-12.505,75.96,88,95,4.38
563,Olivet,FR,2022-05-24 23:22:56,47.8622,1.8991,52.11,84,0,5.75
564,Begunitsy,RU,2022-05-24 23:22:57,59.5855,29.3176,36.57,84,0,5.01
565,Jind,IN,2022-05-24 23:22:57,29.3167,76.3167,78.98,53,0,4.79
566,Villanueva,HN,2022-05-24 23:22:57,15.3167,-88.0,84.04,84,100,4.76
